1,Positive,You did an amazing job on that project!
2,Positive,Today is a beautiful day filled with possibilities.
3,Positive,Your hard work and dedication really paid off.
4,Positive,The new restaurant in town serves delicious food.
5,Positive,I appreciate your kindness and generosity.
6,Positive,You have a great sense of humor that brightens up the room.
7,Positive,Learning a new skill is always rewarding.
8,Positive,Your creativity is truly inspiring.
9,Positive,Spending time with family is one of life’s greatest joys.
10,Positive,Exercising regularly helps you stay healthy and energized.
11,Positive,The team worked together brilliantly to achieve success.
12,Positive,Traveling broadens your perspective and enriches your soul.
13,Positive,Your positivity is contagious!
14,Positive,A good book can transport you to another world.
15,Positive,Small acts of kindness can make a big difference.
16,Positive,You have an incredible ability to solve problems.
17,Positive,That was a fantastic performance!
18,Positive,Nature has a calming effect on the mind.
19,Positive,Freshly baked cookies always make the day better.
20,Positive,Your enthusiasm is truly motivating.
21,Positive,Hard work and patience always lead to great results.
22,Positive,Good music can instantly improve your mood.
23,Positive,You are capable of achieving great things.
24,Positive,The stars look breathtaking tonight.
25,Positive,Your smile can brighten someone’s day.
26,Positive,There’s always something new to learn.
27,Positive,You handle challenges with grace and confidence.
28,Positive,Fresh air and sunshine are good for the soul.
29,Positive,Your perspective adds so much value to the discussion.
30,Positive,Today is a new chance to chase your dreams.
31,Positive,Your efforts do not go unnoticed.
32,Positive,Every day is an opportunity to grow.
33,Positive,The best is yet to come.
34,Positive,You bring so much joy to those around you.
35,Positive,A little gratitude goes a long way.
36,Positive,There is always a reason to smile.
37,Positive,You inspire others with your dedication.
38,Positive,Good things come to those who work for them.
39,Positive,Spending time in nature helps clear the mind.
40,Positive,Success is built on persistence.
41,Positive,Your determination is admirable.
42,Positive,A warm cup of coffee can make mornings better.
43,Positive,You have a wonderful sense of style.
44,Positive,Your intelligence and insight are impressive.
45,Positive,Friendship makes life richer and more meaningful.
46,Positive,Opportunities are everywhere if you look for them.
47,Positive,There’s always something to be grateful for.
48,Positive,A heartfelt compliment can change someone’s day.
49,Positive,You have an amazing ability to connect with people.
50,Positive,Every challenge is an opportunity to learn and grow.
51,Negative,This traffic is unbearable.
52,Negative,The food was cold and tasteless.
53,Negative,I feel completely exhausted today.
54,Negative,The meeting was unproductive and frustrating.
55,Negative,No matter how hard I try nothing seems to work.
56,Negative,The weather is miserable and gloomy.
57,Negative,That movie was a complete waste of time.
58,Negative,The internet connection keeps dropping.
59,Negative,Dealing with rude people is so frustrating.
60,Negative,I didn't get enough sleep last night.
61,Negative,My workload is overwhelming.
62,Negative,The customer service was terrible.
63,Negative,Nothing ever goes as planned.
64,Negative,This task is taking forever to complete.
65,Negative,That joke was offensive and unnecessary.
66,Negative,It’s disappointing when people don’t keep their promises.
67,Negative,Being stuck in a long line is annoying.
68,Negative,This software is full of bugs.
69,Negative,The room is too hot and uncomfortable.
70,Negative,It’s frustrating when people don’t listen.
71,Negative,That was an embarrassing mistake.
72,Negative,The constant noise is giving me a headache.
73,Negative,I hate waking up early.
74,Negative,The economy is getting worse every day.
75,Negative,The lack of communication is making things difficult.
76,Negative,Some people just don’t respect personal space.
77,Negative,This coffee tastes burnt.
78,Negative,That was a rude and unnecessary comment.
79,Negative,Everything feels so stressful right now.
80,Negative,People are too quick to judge.
81,Negative,It’s hard to stay motivated when progress is slow.
82,Negative,Nothing ever changes for the better.
83,Negative,The movie’s plot made no sense at all.
84,Negative,It’s so frustrating when technology fails.
85,Negative,That was a terrible decision.
86,Negative,Cold calls are the worst.
87,Negative,The commute is draining all my energy.
88,Negative,That plan completely fell apart.
89,Negative,I regret wasting time on that.
90,Negative,The service at that place is awful.
91,Negative,Why does everything break when I need it most?
92,Negative,That was the worst experience ever.
93,Negative,It’s exhausting having to repeat myself all the time.
94,Negative,My schedule is packed, and I have no free time.
95,Negative,The mess in here is overwhelming.
96,Negative,It’s frustrating when people don’t follow instructions.
97,Negative,That event was completely disorganized.
98,Negative,People are too impatient these days.
99,Negative,This project is way behind schedule.
100,Negative,Some days just feel like a complete disaster.
101,Neutral,The sun rises in the east.
102,Neutral,I have a meeting scheduled at noon.
103,Neutral,Water freezes at 0 degrees Celsius.
104,Neutral,The book is on the table.
105,Neutral,She lives in a small apartment.
106,Neutral,I took the bus to work today.
107,Neutral,This pen is out of ink.
108,Neutral,The sky is partly cloudy.
109,Neutral,I saw a squirrel in the park.
110,Neutral,The store opens at 9 AM.
111,Neutral,There are seven continents on Earth.
112,Neutral,The car needs more fuel.
113,Neutral,The clock shows 3:15 PM.
114,Neutral,The battery level is at 50%.
115,Neutral,He ordered a sandwich for lunch.
116,Neutral,The library has many books.
117,Neutral,This room has three windows.
118,Neutral,The train arrives every 15 minutes.
119,Neutral,She was born in the month of May.
120,Neutral,There are four seasons in a year.
121,Neutral,The WiFi signal is strong here.
122,Neutral,My phone needs to be charged.
123,Neutral,That shirt is made of cotton.
124,Neutral,The road is under construction.
125,Neutral,I bought groceries yesterday.
126,Neutral,The document is saved on my laptop.
127,Neutral,The chair is made of wood.
128,Neutral,This bridge was built in 1980.
129,Neutral,The TV remote is missing.
130,Neutral,The doorbell just rang.
131,Neutral,He is 25 years old.
132,Neutral,The water feels lukewarm.
133,Neutral,That house has a red roof.
134,Neutral,The meeting lasted two hours.
135,Neutral,The bus stop is five blocks away.
136,Neutral,The sign says No Entry.
137,Neutral,The painting is hanging on the wall.
138,Neutral,That bag weighs five pounds.
139,Neutral,The dog barked at the mailman.
140,Neutral,It takes 30 minutes to cook pasta.
141,Neutral,This email contains an attachment.
142,Neutral,The floor is made of marble.
143,Neutral,There is a crack in the sidewalk.
144,Neutral,The printer ran out of paper.
145,Neutral,The lights turned green.
146,Neutral,There is a bee near the window.
147,Neutral,The heater is turned on.
148,Neutral,That building has ten floors.
149,Neutral,The flight landed on time.
150,Neutral,The lamp is turned off.
